workload,default_norm,optimized_speedup
ResNet-50,1.0,1350.7462686567164
BERT-Large,1.0,173.6842105263158
3D-UNet,1.0,1255.953307392996
RNN-T,1.0,170.0
DLRM,1.0,180.0
VGG-16,1.0,1053.8
GPT-2/Transformer,1.0,172.41379310344826
